Comp,Sector,
https://www.linkedin.com/company/mccormick/jobs/,S&P500,1
https://www.linkedin.com/company/allergan/jobs/,S&P500,1
https://www.linkedin.com/company/seagate-technology/jobs/,S&P500,1
https://www.linkedin.com/company/nortonlifelock/jobs/,S&P500,1
https://www.linkedin.com/company/salesforce/jobs/,S&P500,1
https://www.linkedin.com/company/general-mills/jobs/,S&P500,1
https://www.linkedin.com/company/aig/jobs/,S&P500,1
https://www.linkedin.com/company/abiomed/jobs/,S&P500,1
https://www.linkedin.com/company/carnival-corporation/jobs/,S&P500,1
https://www.linkedin.com/company/motorolasolutions/jobs/,S&P500,1
https://www.linkedin.com/company/cadence-design-systems/jobs/,S&P500,1
https://www.linkedin.com/company/iqvia/jobs/,S&P500,1
https://www.linkedin.com/company/duke-realty-corporation/jobs/,S&P500,1
https://www.linkedin.com/company/loews-corporation/jobs/,S&P500,1
https://www.linkedin.com/company/quanta-services/jobs/,S&P500,1
https://www.linkedin.com/company/quest-diagnostics/jobs/,S&P500,1
https://www.linkedin.com/company/netflix/jobs/,S&P500,1
https://www.linkedin.com/company/avalonbay-communities/jobs/,S&P500,1
https://www.linkedin.com/company/molson-coors/jobs/,S&P500,1
https://www.linkedin.com/company/expedia/jobs/,S&P500,1
https://www.linkedin.com/company/unionpacific/jobs/,S&P500,1
https://www.linkedin.com/company/healthpeak/jobs/,S&P500,1
https://www.linkedin.com/company/valero-energy-corporation/jobs/,S&P500,1
https://www.linkedin.com/company/nvr-inc-/jobs/,S&P500,1
https://www.linkedin.com/company/the-estee-lauder-companies-inc-/jobs/,S&P500,1
https://www.linkedin.com/company/csx-transportation/jobs/,S&P500,1
https://www.linkedin.com/company/royal-caribbean/jobs/,S&P500,1
https://www.linkedin.com/company/cdw/jobs/,S&P500,1
https://www.linkedin.com/company/yum-brands/jobs/,S&P500,1
https://www.linkedin.com/company/ge/jobs/,S&P500,1
https://www.linkedin.com/company/juniper-networks/jobs/,S&P500,1
https://www.linkedin.com/company/corning-incorporated/jobs/,S&P500,1
https://www.linkedin.com/company/alaska-airlines/jobs/,S&P500,1
https://www.linkedin.com/company/sempra-energy/jobs/,S&P500,1
https://www.linkedin.com/company/starbucks/jobs/,S&P500,1
https://www.linkedin.com/company/best-buy/jobs/,S&P500,1
https://www.linkedin.com/company/servicenow/jobs/,S&P500,1
https://www.linkedin.com/company/t-mobile/jobs/,S&P500,1
https://www.linkedin.com/company/facebook/jobs/,S&P500,1
https://www.linkedin.com/company/cf-industries/jobs/,S&P500,1
https://www.linkedin.com/company/att/jobs/,S&P500,1
https://www.linkedin.com/company/nordstrom/jobs/,S&P500,1
https://www.linkedin.com/company/lennar/jobs/,S&P500,1
https://www.linkedin.com/company/american-electric-power/jobs/,S&P500,1
https://www.linkedin.com/company/consumersenergy/jobs/,S&P500,1
https://www.linkedin.com/company/abbott-/jobs/,S&P500,1
https://www.linkedin.com/company/adm/jobs/,S&P500,1
https://www.linkedin.com/company/helmerich-&-payne/jobs/,S&P500,1
https://www.linkedin.com/company/lockheed-martin/jobs/,S&P500,1
https://www.linkedin.com/company/extraspace/jobs/,S&P500,1
https://www.linkedin.com/company/robert-half-international/jobs/,S&P500,1
https://www.linkedin.com/company/raytheon/jobs/,S&P500,1
https://www.linkedin.com/company/general-motors/jobs/,S&P500,1
https://www.linkedin.com/company/limited-brands/jobs/,S&P500,1
https://www.linkedin.com/company/coty/jobs/,S&P500,1
https://www.linkedin.com/company/transdigm-goup-inc-/jobs/,S&P500,1
https://www.linkedin.com/company/pepsico/jobs/,S&P500,1
https://www.linkedin.com/company/verisign/jobs/,S&P500,1
https://www.linkedin.com/company/campbell-soup-company/jobs/,S&P500,1
https://www.linkedin.com/company/blackrock/jobs/,S&P500,1
https://www.linkedin.com/company/sealed-air-corporation/jobs/,S&P500,1
https://www.linkedin.com/company/boston-properties/jobs/,S&P500,1
https://www.linkedin.com/company/cognizant/jobs/,S&P500,1
https://www.linkedin.com/company/willis-towers-watson/jobs/,S&P500,1
https://www.linkedin.com/company/lamb-weston/jobs/,S&P500,1
https://www.linkedin.com/company/uhs/jobs/,S&P500,1
https://www.linkedin.com/company/dr-horton/jobs/,S&P500,1
https://www.linkedin.com/company/rollins-inc./jobs/,S&P500,1
https://www.linkedin.com/company/simon-property-group/jobs/,S&P500,1
https://www.linkedin.com/company/excelenergygroupinc/jobs/,S&P500,1
https://www.linkedin.com/company/ecolab/jobs/,S&P500,1
https://www.linkedin.com/company/weyerhaeuser/jobs/,S&P500,1
https://www.linkedin.com/company/dupont/jobs/,S&P500,1
https://www.linkedin.com/company/h&r-block/jobs/,S&P500,1
https://www.linkedin.com/company/kimberly-clark/jobs/,S&P500,1
https://www.linkedin.com/company/hca/jobs/,S&P500,1
https://www.linkedin.com/company/viacom/jobs/,S&P500,1
https://www.linkedin.com/company/church-&-dwight-co-inc/jobs/,S&P500,1
https://www.linkedin.com/company/fiserv/jobs/,S&P500,1
https://www.linkedin.com/company/the-clorox-company/jobs/,S&P500,1
https://www.linkedin.com/company/antheminc/jobs/,S&P500,1
https://www.linkedin.com/company/public-storage/jobs/,S&P500,1
https://www.linkedin.com/company/realty-income-corporation/jobs/,S&P500,1
https://www.linkedin.com/company/comcast/jobs/,S&P500,1
https://www.linkedin.com/company/eli-lilly-and-company/jobs/,S&P500,1
https://www.linkedin.com/company/snap-on-inc/jobs/,S&P500,1
https://www.linkedin.com/company/c-h-robinson/jobs/,S&P500,1
https://www.linkedin.com/company/american-airlines/jobs/,S&P500,1
https://www.linkedin.com/company/fmc-corporation/jobs/,S&P500,1
https://www.linkedin.com/company/wrberkleycorporation/jobs/,S&P500,1
https://www.linkedin.com/company/cabot-oil-&-gas/jobs/,S&P500,1
https://www.linkedin.com/company/cintas/jobs/,S&P500,1
https://www.linkedin.com/company/marathon-oil-corporation/jobs/,S&P500,1
https://www.linkedin.com/company/hewlett-packard-enterprise/jobs/,S&P500,1
https://www.linkedin.com/company/skyworks-solutions-inc/jobs/,S&P500,1
https://www.linkedin.com/company/leidos/,S&P500,1
https://www.linkedin.com/company/mylan/jobs/,S&P500,1
https://www.linkedin.com/company/eaton/jobs/,S&P500,1
https://www.linkedin.com/company/micron-technology/jobs/,S&P500,1
https://www.linkedin.com/company/honeywell/jobs/,S&P500,1
https://www.linkedin.com/company/firstenergy-corp/jobs/,S&P500,1
https://www.linkedin.com/company/equity-residential/jobs/,S&P500,1
https://www.linkedin.com/company/cigna/jobs/,S&P500,1
https://www.linkedin.com/company/arista-networks-inc/jobs/,S&P500,1
https://www.linkedin.com/company/sba-communications/jobs/,S&P500,1
https://www.linkedin.com/company/amd/jobs/,S&P500,1
https://www.linkedin.com/company/aes/jobs/,S&P500,1
https://www.linkedin.com/company/idexx-laboratories/jobs/,S&P500,1
https://www.linkedin.com/company/zimmerbiomet/jobs/,S&P500,1
https://www.linkedin.com/company/nucor-corporation/jobs/,S&P500,1
https://www.linkedin.com/company/the-coca-cola-company/jobs/,S&P500,1
https://www.linkedin.com/company/stryker/jobs/,S&P500,1
https://www.linkedin.com/company/allegion-plc/jobs/,S&P500,1
https://www.linkedin.com/company/edwards-lifesciences/jobs/,S&P500,1
https://www.linkedin.com/company/microchip-technology/jobs/,S&P500,1
https://www.linkedin.com/company/equifax/jobs/,S&P500,1
https://www.linkedin.com/company/huntingtoningalls/jobs/,S&P500,1
https://www.linkedin.com/company/cheryl-garcia-&-company/jobs/,S&P500,1
https://www.linkedin.com/company/jb-hunt-transport-services-inc/jobs/,S&P500,1
https://www.linkedin.com/company/assurant/jobs/,S&P500,1
https://www.linkedin.com/company/newscorp/jobs/,S&P500,1
https://www.linkedin.com/company/lkq-corporation/jobs/,S&P500,1
https://www.linkedin.com/company/cummins-inc/jobs/,S&P500,1
https://www.linkedin.com/company/amphenol/jobs/,S&P500,1
https://www.linkedin.com/company/essex-property-trust/jobs/,S&P500,1
https://www.linkedin.com/company/cisco/jobs/,S&P500,1
https://www.linkedin.com/company/adobe/jobs/,S&P500,1
https://www.linkedin.com/company/qorvo/jobs/,S&P500,1
https://www.linkedin.com/company/fortune-brands-home-&-security/jobs/,S&P500,1
https://www.linkedin.com/company/las-vegas-sands-corporation/jobs/,S&P500,1
https://www.linkedin.com/company/teleflex/jobs/,S&P500,1
https://www.linkedin.com/company/dollar-general/jobs/,S&P500,1
https://www.linkedin.com/company/vulcan-materials-company/jobs/,S&P500,1
https://www.linkedin.com/company/under-armour/jobs/,S&P500,1
https://www.linkedin.com/company/dxctechnology/jobs/,S&P500,1
https://www.linkedin.com/company/everest-reinsurance/jobs/,S&P500,1
https://www.linkedin.com/company/centurylink/jobs/,S&P500,1
https://www.linkedin.com/company/w.w.-grainger/jobs/,S&P500,1
https://www.linkedin.com/company/american-water-works-association/jobs/,S&P500,1
https://www.linkedin.com/company/marriott-international/jobs/,S&P500,1
https://www.linkedin.com/company/atmos-energy/jobs/,S&P500,1
https://www.linkedin.com/company/lyondell-basell/jobs/,S&P500,1
https://www.linkedin.com/company/bristol-myers-squibb/jobs/,S&P500,1
https://www.linkedin.com/company/mckesson/jobs/,S&P500,1
https://www.linkedin.com/company/boeing/jobs/,S&P500,1
https://www.linkedin.com/company/eastman-chemical-company/jobs/,S&P500,1
https://www.linkedin.com/company/eog-resources/jobs/,S&P500,1
https://www.linkedin.com/company/the-kraft-heinz-company/jobs/,S&P500,1
https://www.linkedin.com/company/fortive/jobs/,S&P500,1
https://www.linkedin.com/company/american-tower/jobs/,S&P500,1
https://www.linkedin.com/company/evergyco/jobs/,S&P500,1
https://www.linkedin.com/company/hasbro/jobs/,S&P500,1
https://www.linkedin.com/company/johnson-controls/jobs/,S&P500,1
https://www.linkedin.com/company/ihsmarkit/jobs/,S&P500,1
https://www.linkedin.com/company/walgreens-boots-alliance/jobs/,S&P500,1
https://www.linkedin.com/company/autozone/jobs/,S&P500,1
https://www.linkedin.com/company/pvh/jobs/,S&P500,1
https://www.linkedin.com/company/pinnacle-west-capital-corporation/jobs/,S&P500,1
https://www.linkedin.com/company/colgate-palmolive/jobs/,S&P500,1
https://www.linkedin.com/company/bd1/jobs/,S&P500,1
https://www.linkedin.com/company/costco-wholesale/jobs/,S&P500,1
https://www.linkedin.com/company/technipfmc/jobs/,S&P500,1
https://www.linkedin.com/company/hanesbrands-inc-/jobs/,S&P500,1
https://www.linkedin.com/company/exelon/jobs/,S&P500,1
https://www.linkedin.com/company/cboe/jobs/,S&P500,1
https://www.linkedin.com/company/dow-chemical/jobs/,S&P500,1
https://www.linkedin.com/company/kroger/jobs/,S&P500,1
https://www.linkedin.com/company/caterpillar-inc/jobs/,S&P500,1
https://www.linkedin.com/company/dollar-tree-stores/jobs/,S&P500,1
https://www.linkedin.com/company/alliance-data/jobs/,S&P500,1
https://www.linkedin.com/company/franklin-resources-llc-/jobs/,S&P500,1
https://www.linkedin.com/company/procter-and-gamble/jobs/,S&P500,1
https://www.linkedin.com/company/the-j-m--smucker-company/jobs/,S&P500,1
https://www.linkedin.com/company/o'reilly-auto-parts/jobs/,S&P500,1
https://www.linkedin.com/company/udr/jobs/,S&P500,1
https://www.linkedin.com/company/capri-holdings-limited/jobs/,S&P500,1
https://www.linkedin.com/company/aflac/jobs/,S&P500,1
https://www.linkedin.com/company/omega-financial-group-cincinnati/jobs/,S&P500,1
https://www.linkedin.com/company/delta-air-lines/jobs/,S&P500,1
https://www.linkedin.com/company/maxim-integrated/jobs/,S&P500,1
https://www.linkedin.com/company/macy/jobs/,S&P500,1
https://www.linkedin.com/company/resmed/jobs/,S&P500,1
https://www.linkedin.com/company/labcorp/jobs/,S&P500,1
https://www.linkedin.com/company/leggett-&-platt/jobs/,S&P500,1
https://www.linkedin.com/company/tyson-foods/jobs/,S&P500,1
https://www.linkedin.com/company/old-dominion-freight-line/jobs/,S&P500,1
https://www.linkedin.com/company/vf-corporation/jobs/,S&P500,1
https://www.linkedin.com/company/tapestryinc/jobs/,S&P500,1
https://www.linkedin.com/company/intuit/jobs/,S&P500,1
https://www.linkedin.com/company/conagra-brands/jobs/,S&P500,1
https://www.linkedin.com/company/iron-mountain/jobs/,S&P500,1
https://www.linkedin.com/company/l3/jobs/,S&P500,1
https://www.linkedin.com/company/paypal/jobs/,S&P500,1
https://www.linkedin.com/company/prologis/jobs/,S&P500,1
https://www.linkedin.com/company/northrop-grumman-corporation/jobs/,S&P500,1
https://www.linkedin.com/company/ulta/jobs/,S&P500,1
https://www.linkedin.com/company/flir-systems/jobs/,S&P500,1
https://www.linkedin.com/company/allstate/jobs/,S&P500,1
https://www.linkedin.com/company/metlife/jobs/,S&P500,1
https://www.linkedin.com/company/hollyfrontier-corporation/jobs/,S&P500,1
https://www.linkedin.com/company/brown-forman/jobs/,S&P500,1
https://www.linkedin.com/company/linde/jobs/,S&P500,1
https://www.linkedin.com/company/ipg/,S&P500,1
https://www.linkedin.com/company/mgm-resorts-international/jobs/,S&P500,1
https://www.linkedin.com/company/pentair/jobs/,S&P500,1
https://www.linkedin.com/company/kansas-city-southern/jobs/,S&P500,1
https://www.linkedin.com/company/flowserve/jobs/,S&P500,1
https://www.linkedin.com/company/gartner/jobs/,S&P500,1
https://www.linkedin.com/company/occidental-petroleum-company/jobs/,S&P500,1
https://www.linkedin.com/company/mosaiccompany/jobs/,S&P500,1
https://www.linkedin.com/company/nisource/jobs/,S&P500,1
https://www.linkedin.com/company/align-technology/jobs/,S&P500,1
https://www.linkedin.com/company/nrgenergy/jobs/,S&P500,1
https://www.linkedin.com/company/msci-inc/jobs/,S&P500,1
https://www.linkedin.com/company/dentsplysirona/jobs/,S&P500,1
https://www.linkedin.com/company/henry-schein/jobs/,S&P500,1
https://www.linkedin.com/company/the-hartford/jobs/,S&P500,1
https://www.linkedin.com/company/perkinelmer/jobs/,S&P500,1
https://www.linkedin.com/company/3m/jobs/,S&P500,1
https://www.linkedin.com/company/pultegroup/jobs/,S&P500,1
https://www.linkedin.com/company/mondelezinternational/jobs/,S&P500,1
https://www.linkedin.com/company/ball/jobs/,S&P500,1
https://www.linkedin.com/company/chipotle-mexican-grill/jobs/,S&P500,1
https://www.linkedin.com/company/nielsen/jobs/,S&P500,1
https://www.linkedin.com/company/the-home-depot/jobs/,S&P500,1
https://www.linkedin.com/company/perrigo/jobs/,S&P500,1
https://www.linkedin.com/company/biogen-/jobs/,S&P500,1
https://www.linkedin.com/company/pioneer-natural-resources-company/jobs/,S&P500,1
https://www.linkedin.com/company/dish-network/jobs/,S&P500,1
https://www.linkedin.com/company/principalfinancialgroup/jobs/,S&P500,1
https://www.linkedin.com/company/sherwin-williams/jobs/,S&P500,1
https://www.linkedin.com/company/mohawk-industries/jobs/,S&P500,1
https://www.linkedin.com/company/regeneron-pharmaceuticals/jobs/,S&P500,1
https://www.linkedin.com/company/keysight-technologies/jobs/,S&P500,1
https://www.linkedin.com/company/john-deere/jobs/,S&P500,1
https://www.linkedin.com/company/spglobal/jobs/,S&P500,1
https://www.linkedin.com/company/citrix/jobs/,S&P500,1
https://www.linkedin.com/company/ebay/jobs/,S&P500,1
https://www.linkedin.com/company/twitter/jobs/,S&P500,1
https://www.linkedin.com/company/harley-davidson-motor-company/jobs/,S&P500,1
https://www.linkedin.com/company/cerner-corporation/jobs/,S&P500,1
https://www.linkedin.com/company/intel-corporation/jobs/,S&P500,1
https://www.linkedin.com/company/f5-networks/jobs/,S&P500,1
https://www.linkedin.com/company/chubb/jobs/,S&P500,1
https://www.linkedin.com/company/amgen/jobs/,S&P500,1
https://www.linkedin.com/company/darden/jobs/,S&P500,1
https://www.linkedin.com/company/gilead-sciences/jobs/,S&P500,1
https://www.linkedin.com/company/broadcom/jobs/,S&P500,1
https://www.linkedin.com/company/wynnresorts/jobs/,S&P500,1
https://www.linkedin.com/company/stanley-black-decker-inc/jobs/,S&P500,1
https://www.linkedin.com/company/carmax/jobs/,S&P500,1
https://www.linkedin.com/company/borgwarner/jobs/,S&P500,1
https://www.linkedin.com/company/waste-management/jobs/,S&P500,1
https://www.linkedin.com/company/analog-devices/jobs/,S&P500,1
https://www.linkedin.com/company/progressive-insurance/jobs/,S&P500,1
https://www.linkedin.com/company/chevron/jobs/,S&P500,1
https://www.linkedin.com/company/mastercard/jobs/,S&P500,1
https://www.linkedin.com/company/zoetis/jobs/,S&P500,1
https://www.linkedin.com/company/paccar/jobs/,S&P500,1
https://www.linkedin.com/company/danaher/jobs/,S&P500,1
https://www.linkedin.com/company/united-airlines/jobs/,S&P500,1
https://www.linkedin.com/company/arconic/jobs/,S&P500,1
https://www.linkedin.com/company/sysco/jobs/,S&P500,1
https://www.linkedin.com/company/qualcomm/jobs/,S&P500,1
https://www.linkedin.com/company/southwest-airlines/jobs/,S&P500,1
https://www.linkedin.com/company/newellbrands/jobs/,S&P500,1
https://www.linkedin.com/company/amerisourcebergen/jobs/,S&P500,1
https://www.linkedin.com/company/copart/jobs/,S&P500,1
https://www.linkedin.com/company/republic-services-inc/jobs/,S&P500,1
https://www.linkedin.com/company/medtronic/jobs/,S&P500,1
https://www.linkedin.com/company/apache-corporation/jobs/,S&P500,1
https://www.linkedin.com/company/ametek/jobs/,S&P500,1
https://www.linkedin.com/company/ross-stores/jobs/,S&P500,1
https://www.linkedin.com/company/target/jobs/,S&P500,1
https://www.linkedin.com/company/texas-instruments/jobs/,S&P500,1
https://www.linkedin.com/company/ansys-inc/jobs/,S&P500,1
https://www.linkedin.com/company/xilinx/jobs/,S&P500,1
https://www.linkedin.com/company/albemarle/jobs/,S&P500,1
https://www.linkedin.com/company/western-union/jobs/,S&P500,1
https://www.linkedin.com/company/travelers/jobs/,S&P500,1
https://www.linkedin.com/company/nvidia/jobs/,S&P500,1
https://www.linkedin.com/company/westrockcompany/jobs/,S&P500,1
https://www.linkedin.com/company/conocophillips/jobs/,S&P500,1
https://www.linkedin.com/company/abbvie/jobs/,S&P500,1
https://www.linkedin.com/company/accenture/jobs/,S&P500,1
https://www.linkedin.com/company/a.-o.-smith-corporation/jobs/,S&P500,1
https://www.linkedin.com/company/kellogg-company/jobs/,S&P500,1
https://www.linkedin.com/company/wec-energy-group/jobs/,S&P500,1
https://www.linkedin.com/company/fedex/jobs/,S&P500,1
https://www.linkedin.com/company/mcdonald's-corporation/jobs/,S&P500,1
https://www.linkedin.com/company/incyte/jobs/,S&P500,1
https://www.linkedin.com/company/martin-marietta-materials/jobs/,S&P500,1
https://www.linkedin.com/company/expeditors/jobs/,S&P500,1
https://www.linkedin.com/company/iff/jobs/,S&P500,1
https://www.linkedin.com/company/tjx/jobs/,S&P500,1
https://www.linkedin.com/company/cvs-health/jobs/,S&P500,1
https://www.linkedin.com/company/xerox/jobs/,S&P500,1
https://www.linkedin.com/company/roper-industries/jobs/,S&P500,1
https://www.linkedin.com/company/general-dynamics/jobs/,S&P500,1
https://www.linkedin.com/company/diamondback-energy-services/jobs/,S&P500,1
https://www.linkedin.com/company/halliburton/jobs/,S&P500,1
https://www.linkedin.com/company/marsh-&-mclennan-companies-inc-/jobs/,S&P500,1
https://www.linkedin.com/company/discoveryinc/jobs/,S&P500,1
https://www.linkedin.com/company/insidepmi/jobs/,S&P500,1
https://www.linkedin.com/company/pseg/jobs/,S&P500,1
https://www.linkedin.com/company/national-oilwell-varco/jobs/,S&P500,1
https://www.linkedin.com/company/verizon/jobs/,S&P500,1
https://www.linkedin.com/company/celanese/jobs/,S&P500,1
https://www.linkedin.com/company/netapp/jobs/,S&P500,1
https://www.linkedin.com/company/idex-corporation/jobs/,S&P500,1
https://www.linkedin.com/company/kohls-department-stores/jobs/,S&P500,1
https://www.linkedin.com/company/masco-corporation/jobs/,S&P500,1
https://www.linkedin.com/company/dte-energy/jobs/,S&P500,1
https://www.linkedin.com/company/ingersoll-rand/jobs/,S&P500,1
https://www.linkedin.com/company/take-2-interactive-software-inc-/jobs/,S&P500,1
https://www.linkedin.com/company/norwegian-cruise-line/jobs/,S&P500,1
https://www.linkedin.com/company/amcor/jobs/,S&P500,1
https://www.linkedin.com/company/hess-corporation/jobs/,S&P500,1
https://www.linkedin.com/company/ipg-photonics/jobs/,S&P500,1
https://www.linkedin.com/company/tranetechnologies/jobs/,S&P500,1
https://www.linkedin.com/company/illumina/jobs/,S&P500,1
https://www.linkedin.com/company/advance-auto-parts/jobs/,S&P500,1
https://www.linkedin.com/company/welltower/jobs/,S&P500,1
https://www.linkedin.com/company/eversourceenergy/jobs/,S&P500,1
https://www.linkedin.com/company/klacorp/jobs/,S&P500,1
https://www.linkedin.com/company/vornado-realty-trust/jobs/,S&P500,1
https://www.linkedin.com/company/united-airlines/,S&P500,1
https://www.linkedin.com/company/aon/jobs/,S&P500,1
https://www.linkedin.com/company/globelife/jobs/,S&P500,1
https://www.linkedin.com/company/pca/jobs/,S&P500,1
https://www.linkedin.com/company/ford-motor-company/jobs/,S&P500,1
https://www.linkedin.com/company/zions-bancorporation/jobs/,S&P500,1
https://www.linkedin.com/company/intuitive-surgical/jobs/,S&P500,1
https://www.linkedin.com/company/activision/jobs/,S&P500,1
https://www.linkedin.com/company/entergy/jobs/,S&P500,1
https://www.linkedin.com/company/aptiv/jobs/,S&P500,1
https://www.linkedin.com/company/steris-corporation/jobs/,S&P500,1
https://www.linkedin.com/company/thermo-fisher-scientific/jobs/,S&P500,1
https://www.linkedin.com/company/cme-group/jobs/,S&P500,1
https://www.linkedin.com/company/air-products/jobs/,S&P500,1
https://www.linkedin.com/company/invesco-us/jobs/,S&P500,1
https://www.linkedin.com/company/intercontinentalexchange-inc-/jobs/,S&P500,1
https://www.linkedin.com/company/hologic/jobs/,S&P500,1
https://www.linkedin.com/company/rockwell-automation/jobs/,S&P500,1
https://www.linkedin.com/company/pfizer/jobs/,S&P500,1
https://www.linkedin.com/company/constellation-brands/jobs/,S&P500,1
https://www.linkedin.com/company/booking.com/jobs/,S&P500,1
https://www.linkedin.com/company/parker-hannifin/jobs/,S&P500,1
https://www.linkedin.com/company/waters/jobs/,S&P500,1
https://www.linkedin.com/company/alexion-pharmaceuticals/jobs/,S&P500,1
https://www.linkedin.com/company/the-hershey-company/jobs/,S&P500,1
https://www.linkedin.com/company/edison-international/jobs/,S&P500,1
https://www.linkedin.com/company/nextera-energy-resources/jobs/,S&P500,1
https://www.linkedin.com/company/genuine-parts-company/jobs/,S&P500,1
https://www.linkedin.com/company/vertex-pharmaceuticals/jobs/,S&P500,1
https://www.linkedin.com/company/synopsys/jobs/,S&P500,1
https://www.linkedin.com/company/centerpoint-energy/jobs/,S&P500,1
https://www.linkedin.com/company/norfolk-southern/jobs/,S&P500,1
https://www.linkedin.com/company/monster/jobs/,S&P500,1
https://www.linkedin.com/company/applied-materials/jobs/,S&P500,1
https://www.linkedin.com/company/jack-henry-&-associates/jobs/,S&P500,1
https://www.linkedin.com/company/the-walt-disney-company/jobs/,S&P500,1
https://www.linkedin.com/company/western-digital/jobs/,S&P500,1
https://www.linkedin.com/company/cardinal-health/jobs/,S&P500,1
https://www.linkedin.com/company/freeport-mcmoran-inc/jobs/,S&P500,1
https://www.linkedin.com/company/zebra-technologies/jobs/,S&P500,1
https://www.linkedin.com/company/ameriprise-financial-services-llc/jobs/,S&P500,1
https://www.linkedin.com/company/alexandria-real-estate-equities-inc-/jobs/,S&P500,1
https://www.linkedin.com/company/omnicom/jobs/,S&P500,1
https://www.linkedin.com/company/avery-dennison/jobs/,S&P500,1
https://www.linkedin.com/company/broadridge-financial-solutions/jobs/,S&P500,1
https://www.linkedin.com/company/concho-resources/jobs/,S&P500,1
https://www.linkedin.com/company/tractor-supply-company/jobs/,S&P500,1
https://www.linkedin.com/company/mid-america-apartment-communities/jobs/,S&P500,1
https://www.linkedin.com/company/devon-energy/jobs/,S&P500,1
https://www.linkedin.com/company/regency-centers/jobs/,S&P500,1
https://www.linkedin.com/company/centene-corporation/jobs/,S&P500,1
https://www.linkedin.com/company/nike/jobs/,S&P500,1
https://www.linkedin.com/company/kinder-morgan/jobs/,S&P500,1
https://www.linkedin.com/company/garmin/jobs/,S&P500,1
https://www.linkedin.com/company/duke-energy-corporation/jobs/,S&P500,1
https://www.linkedin.com/company/newmont-corporation/jobs/,S&P500,1
https://www.linkedin.com/company/visa/jobs/,S&P500,1
https://www.linkedin.com/company/fleetcor/jobs/,S&P500,1
https://www.linkedin.com/company/baxter-healthcare/jobs/,S&P500,1
https://www.linkedin.com/company/fastenal/jobs/,S&P500,1
https://www.linkedin.com/company/ppl_3/jobs/,S&P500,1
https://www.linkedin.com/company/electronic-arts/jobs/,S&P500,1
https://www.linkedin.com/company/gallagher-global/jobs/,S&P500,1
https://www.linkedin.com/company/moodys-corporation/jobs/,S&P500,1
https://www.linkedin.com/company/emerson/jobs/,S&P500,1
https://www.linkedin.com/company/davita/jobs/,S&P500,1
https://www.linkedin.com/company/walmart/jobs/,S&P500,1
https://www.linkedin.com/company/crown-castle/jobs/,S&P500,1
https://www.linkedin.com/company/ups/jobs/,S&P500,1
https://www.linkedin.com/company/autodesk/jobs/,S&P500,1
https://www.linkedin.com/company/host-hotels-&-resorts/jobs/,S&P500,1
https://www.linkedin.com/company/schlumberger/jobs/,S&P500,1
https://www.linkedin.com/company/te-connectivity/jobs/,S&P500,1
https://www.linkedin.com/company/humana/jobs/,S&P500,1
https://www.linkedin.com/company/ameren/jobs/,S&P500,1
https://www.linkedin.com/company/federal-realty-investment-trust/jobs/,S&P500,1
https://www.linkedin.com/company/unum/jobs/,S&P500,1
https://www.linkedin.com/company/whirlpool-corporation/jobs/,S&P500,1
https://www.linkedin.com/company/gap-inc--gap/jobs/,S&P500,1
https://www.linkedin.com/company/cbre/jobs/,S&P500,1
https://www.linkedin.com/company/wabtec-corporation/jobs/,S&P500,1
https://www.linkedin.com/company/oneok/jobs/,S&P500,1
https://www.linkedin.com/company/t--rowe-price/jobs/,S&P500,1
https://www.linkedin.com/company/textron/jobs/,S&P500,1
https://www.linkedin.com/company/paychex/jobs/,S&P500,1
https://www.linkedin.com/company/ventas-inc./jobs/,S&P500,1
https://www.linkedin.com/company/altria/jobs/,S&P500,1
https://www.linkedin.com/company/equinix/jobs/,S&P500,1
https://www.linkedin.com/company/illinoistoolworks/jobs/,S&P500,1
https://www.linkedin.com/company/lowe's-home-improvement/jobs/,S&P500,1
https://www.linkedin.com/company/noble-energy/jobs/,S&P500,1
https://www.linkedin.com/company/ppg-industries/jobs/,S&P500,1
https://www.linkedin.com/company/merck/jobs/,S&P500,1
https://www.linkedin.com/company/varian-medical-systems/jobs/,S&P500,1
https://www.linkedin.com/company/fidelity-investments/jobs/,S&P500,1
https://www.linkedin.com/company/international-paper/jobs/,S&P500,1
https://www.linkedin.com/company/exxonmobil/jobs/,S&P500,1
https://www.linkedin.com/company/digitalrealty/jobs/,S&P500,1
https://www.linkedin.com/company/alliant-energy/jobs/,S&P500,1
https://www.linkedin.com/company/tiffany-and-co/jobs/,S&P500,1
https://www.linkedin.com/company/mettlertoledo/jobs/,S&P500,1
https://www.linkedin.com/company/berkshire-hathaway/jobs/,S&P500,1
https://www.linkedin.com/company/phillips66co/jobs/,S&P500,1
https://www.linkedin.com/company/marketaxess/jobs/,S&P500,1
https://www.linkedin.com/company/live-nation/jobs/,S&P500,1
https://www.linkedin.com/company/fortinet/jobs/,S&P500,1
https://www.linkedin.com/company/charter-communications/jobs/,S&P500,1
https://www.linkedin.com/company/bakerhughes/jobs/,S&P500,1
https://www.linkedin.com/company/prudential-financial/jobs/,S&P500,1
https://www.linkedin.com/company/nasdaq/jobs/,S&P500,1
https://www.linkedin.com/company/dominionenergy/jobs/,S&P500,1
https://www.linkedin.com/company/southern-company/jobs/,S&P500,1
https://www.linkedin.com/company/xylem-inc-/jobs/,S&P500,1
https://www.linkedin.com/company/hormel-foods/jobs/,S&P500,1
https://www.linkedin.com/company/verisk-analytics/jobs/,S&P500,1
https://www.linkedin.com/company/corteva/jobs/,S&P500,1
https://www.linkedin.com/company/ralph-lauren/jobs/,S&P500,1
https://www.linkedin.com/company/akamai-technologies/jobs/,S&P500,1
https://www.linkedin.com/company/barnes-group-inc-/jobs/,S&P500,1
https://www.linkedin.com/company/boston-scientific/jobs/,S&P500,1
https://www.linkedin.com/company/unitedhealth-group/jobs/,S&P500,1
https://www.linkedin.com/company/hilton/jobs/,S&P500,1
https://www.linkedin.com/company/johnson-&-johnson/jobs/,S&P500,1
https://www.linkedin.com/company/global-payments/jobs/,S&P500,1
https://www.linkedin.com/company/williams-company/jobs/,S&P500,1
https://www.linkedin.com/company/dovercorp/jobs/,S&P500,1
https://www.linkedin.com/company/con-edison/jobs/,S&P500,1
https://www.linkedin.com/company/lam-research/jobs/,S&P500,1
https://www.linkedin.com/company/jpmorgan/jobs/,Banking,1
https://www.linkedin.com/company/bank-of-america/jobs/,Banking,1
https://www.linkedin.com/company/wellsfargo/jobs/,Banking,1
https://www.linkedin.com/company/citi/jobs/,Banking,1
https://www.linkedin.com/company/us-bank/jobs/,Banking,1
https://www.linkedin.com/company/truistfinancialcorporation/jobs/,Banking,1
https://www.linkedin.com/company/pnc-bank/jobs/,Banking,1
https://www.linkedin.com/company/capital-one/jobs/,Banking,1
https://www.linkedin.com/company/td/jobs/,Banking,1
https://www.linkedin.com/company/bny-mellon/jobs/,Banking,1
https://www.linkedin.com/company/state-street/jobs/,Banking,1
https://www.linkedin.com/company/goldman-sachs/jobs/,Banking,1
https://www.linkedin.com/company/charles-schwab/jobs/,Banking,1
https://www.linkedin.com/company/hsbc/jobs/,Banking,1
https://www.linkedin.com/company/fifth-third-bank/jobs/,Banking,1
https://www.linkedin.com/company/ally/jobs/,Banking,1
https://www.linkedin.com/company/citizens-bank/jobs/,Banking,1
https://www.linkedin.com/company/deutsche-bank/jobs/,Banking,1
https://www.linkedin.com/company/morgan-stanley/jobs/,Banking,1
https://www.linkedin.com/company/keybank/jobs/,Banking,1
https://www.linkedin.com/company/northern-trust/jobs/,Banking,1
https://www.linkedin.com/company/regions-financial-corporation/jobs/,Banking,1
https://www.linkedin.com/company/american-express/jobs/,Banking,1
https://www.linkedin.com/company/m&t-bank/jobs/,Banking,1
https://www.linkedin.com/company/first-republic-bank/jobs/,Banking,1
https://www.linkedin.com/company/discover-financial-services/jobs/,Banking,1
https://www.linkedin.com/company/navy-federal-credit-union/jobs/,Banking,1
https://www.linkedin.com/company/huntington-national-bank/jobs/,Banking,1
https://www.linkedin.com/company/bank-of-the-west/jobs/,Banking,1
https://www.linkedin.com/company/union-bank/jobs/,Banking,1
https://www.linkedin.com/company/bmo-harris-bank/jobs/,Banking,1
https://www.linkedin.com/company/mizuho/jobs/,Banking,1
https://www.linkedin.com/company/sumitomo-mitsui-banking-corporation/jobs/,Banking,1
https://www.linkedin.com/company/rbc/jobs/,Banking,1
https://www.linkedin.com/company/scotiabank/jobs/,Banking,1
https://www.linkedin.com/company/societe-generale/jobs/,Banking,1
https://www.linkedin.com/company/bbva/jobs/,Banking,1
https://www.linkedin.com/company/synchrony-financial/jobs/,Banking,1
https://www.linkedin.com/company/usaa/jobs/,Banking,1
https://www.linkedin.com/company/natixis/jobs/,Banking,1
https://www.linkedin.com/company/santander-bank-na/jobs/,Banking,1
https://www.linkedin.com/company/comerica-bank/jobs/,Banking,1
https://www.linkedin.com/company/silicon-valley-bank/jobs/,Banking,1
https://www.linkedin.com/company/zions-bank/jobs/,Banking,1
https://www.linkedin.com/company/ubs/jobs/,Banking,1
https://www.linkedin.com/company/city-national-bank/jobs/,Banking,1
https://www.linkedin.com/company/people's-united-bank/jobs/,Banking,1
https://www.linkedin.com/company/bnp-paribas/jobs/,Banking,1
https://www.linkedin.com/company/barclays-investment-bank/jobs/,Banking,1
https://www.linkedin.com/company/nycb/jobs/,Banking,1
https://www.linkedin.com/company/signature-bank_3/jobs/,Banking,1
https://www.linkedin.com/company/rabobank/jobs/,Banking,1
https://www.linkedin.com/company/synovus/jobs/,Banking,1
https://www.linkedin.com/company/standardchartered/jobs/,Banking,1
https://www.linkedin.com/company/tcf-bank/jobs/,Banking,1
https://www.linkedin.com/company/citgroup/jobs/,Banking,1
https://www.linkedin.com/company/etrade/jobs/,Banking,1
https://www.linkedin.com/company/east-west-bank/jobs/,Banking,1
https://www.linkedin.com/company/first-horizon-bank/jobs/,Banking,1
https://www.linkedin.com/company/bok-financial/jobs/,Banking,1
https://www.linkedin.com/company/tiaa/jobs/,Banking,1
https://www.linkedin.com/company/grupo-banco-popular/jobs/,Banking,1
https://www.linkedin.com/company/first-citizens-bank/jobs/,Banking,1
https://www.linkedin.com/company/park-view-federal-savings-bank/jobs/,Banking,1
https://www.linkedin.com/company/frost-bank/jobs/,Banking,1
https://www.linkedin.com/company/cibc/jobs/,Banking,1
https://www.linkedin.com/company/bankunited/jobs/,Banking,1
https://www.linkedin.com/company/salliemae/jobs/,Banking,1
https://www.linkedin.com/company/texas-capital-bank/jobs/,Banking,1
https://www.linkedin.com/company/associated-bank/jobs/,Banking,1
https://www.linkedin.com/company/prosperity-bank/jobs/,Banking,1
https://www.linkedin.com/company/iberiabank/jobs/,Banking,1
https://www.linkedin.com/company/nordea/jobs/,Banking,1
https://www.linkedin.com/company/hancockwhitney/jobs/,Banking,1
https://www.linkedin.com/company/sterling-national-bank/jobs/,Banking,1
https://www.linkedin.com/company/webster-bank/jobs/,Banking,1
https://www.linkedin.com/company/umpqua-bank/jobs/,Banking,1
https://www.linkedin.com/company/pinnacle-bank/jobs/,Banking,1
https://www.linkedin.com/company/anz/jobs/,Banking,1
https://www.linkedin.com/company/western-alliance-bank/jobs/,Banking,1
https://www.linkedin.com/company/pacific-western-bank/jobs/,Banking,1
https://www.linkedin.com/company/investors-bank/jobs/,Banking,1
https://www.linkedin.com/company/raymond-james-financial-inc-/jobs/,Banking,1
https://www.linkedin.com/company/umbbank/jobs/,Banking,1
https://www.linkedin.com/company/commerce_bank/jobs/,Banking,1
https://www.linkedin.com/company/city-national-bank-of-new-jersey/jobs/,Banking,1
https://www.linkedin.com/company/national-australia-bank/jobs/,Banking,1
https://www.linkedin.com/company/bank-ozk/jobs/,Banking,1
https://www.linkedin.com/company/flagstar-bank/jobs/,Banking,1
https://www.linkedin.com/company/midfirst-bank/jobs/,Banking,1
https://www.linkedin.com/company/first-national-bank-of-omaha/jobs/,Banking,1
https://www.linkedin.com/company/becu/jobs/,Banking,1
https://www.linkedin.com/company/fulton-bank/jobs/,Banking,1
https://www.linkedin.com/company/bancorpsouth/jobs/,Banking,1
https://www.linkedin.com/company/old-national-bank/jobs/,Banking,1
https://www.linkedin.com/company/first-hawaiian-bank/jobs/,Banking,1
https://www.linkedin.com/company/firstbank/jobs/,Banking,1
https://www.linkedin.com/company/seb/jobs/,Banking,1
https://www.linkedin.com/company/arvest-bank/jobs/,Banking,1
https://www.linkedin.com/company/amerisbank/jobs/,Banking,1
https://www.linkedin.com/company/cathay-bank/jobs/,Banking,1
https://www.linkedin.com/company/bankofhawaii/jobs/,Banking,1
https://www.linkedin.com/company/cadence-bank-n.a./jobs/,Banking,1
https://www.linkedin.com/company/first-midwest-bank/jobs/,Banking,1
https://www.linkedin.com/company/simmonsbank/jobs/,Banking,1
https://www.linkedin.com/company/atlantic-union-bank/jobs/,Banking,1
https://www.linkedin.com/company/mechanics-bank/jobs/,Banking,1
https://www.linkedin.com/company/centerstate-bank/jobs/,Banking,1
https://www.linkedin.com/company/schoolsfirst-federal-credit-union/jobs/,Banking,1
https://www.linkedin.com/company/state_farm/jobs/,Banking,1
https://www.linkedin.com/company/wafd-bank/jobs/,Banking,1
https://www.linkedin.com/company/south-state-bank/jobs/,Banking,1
https://www.linkedin.com/company/citynationalbankfl/jobs/,Banking,1
https://www.linkedin.com/company/apple-bank-for-savings/jobs/,Banking,1
https://www.linkedin.com/company/wesbanco/jobs/,Banking,1
https://www.linkedin.com/company/bankofhope/jobs/,Banking,1
https://www.linkedin.com/company/centennial-bank_2/jobs/,Banking,1
https://www.linkedin.com/company/independent-bank/jobs/,Banking,1
https://www.linkedin.com/company/national-bank-of-canada/jobs/,Banking,1
https://www.linkedin.com/company/third-federal-savings/jobs/,Banking,1
https://www.linkedin.com/company/first-interstate/jobs/,Banking,1
https://www.linkedin.com/company/first-financial-bank/jobs/,Banking,1
https://www.linkedin.com/company/stifel-bank-&-trust/jobs/,Banking,1
https://www.linkedin.com/company/columbia-bank/jobs/,Banking,1
https://www.linkedin.com/company/glacier-bank/jobs/,Banking,1
https://www.linkedin.com/company/trustmark-national-bank/jobs/,Banking,1
https://www.linkedin.com/company/renasant-bank/jobs/,Banking,1
https://www.linkedin.com/company/berkshire-bank/jobs/,Banking,1
https://www.linkedin.com/company/first-tech-federal-credit-union/jobs/,Banking,1
https://www.linkedin.com/company/bremer-bank/jobs/,Banking,1
https://www.linkedin.com/company/the-golden-1-credit-union/jobs/,Banking,1
https://www.linkedin.com/company/united-community-bank/jobs/,Banking,1
https://www.linkedin.com/company/great-western-bank/jobs/,Banking,1
https://www.linkedin.com/company/first-bank/jobs/,Banking,1
https://www.linkedin.com/company/first-merchants-corporation/jobs/,Banking,1
https://www.linkedin.com/company/banner-bank/jobs/,Banking,1
https://www.linkedin.com/company/alliant-credit-union/jobs/,Banking,1
https://www.linkedin.com/company/wilmington-savings-bank/jobs/,Banking,1
https://www.linkedin.com/company/westpac/jobs/,Banking,1
https://www.linkedin.com/company/townebank/jobs/,Banking,1
https://www.linkedin.com/company/pacific-premier-bank/jobs/,Banking,1
https://www.linkedin.com/company/america's-first-federal-credit-union/jobs/,Banking,1
https://www.linkedin.com/company/eastern-bank/jobs/,Banking,1
https://www.linkedin.com/company/axosbank/jobs/,Banking,1
https://www.linkedin.com/company/customers-bank/jobs/,Banking,1
https://www.linkedin.com/company/rockland-trust/jobs/,Banking,1
https://www.linkedin.com/company/plainscapital-bank/jobs/,Banking,1
https://www.linkedin.com/company/citizens-business-bank/jobs/,Banking,1
https://www.linkedin.com/company/northwest-savings-bank/jobs/,Banking,1
https://www.linkedin.com/company/bmw-bank-of-north-america/jobs/,Banking,1
https://www.linkedin.com/company/suncoastcreditunion/jobs/,Banking,1
https://www.linkedin.com/company/popularbank/jobs/,Banking,1
https://www.linkedin.com/company/security-service-federal-credit-union/jobs/,Banking,1
https://www.linkedin.com/company/the-provident-bank/jobs/,Banking,1
https://www.linkedin.com/company/nexbank/jobs/,Banking,1
https://www.linkedin.com/company/busey/jobs/,Banking,1
https://www.linkedin.com/company/randolph-brooks-federal-credit-union/jobs/,Banking,1
https://www.linkedin.com/company/nbt-bank/jobs/,Banking,1
https://www.linkedin.com/company/lovebethpage/jobs/,Banking,1
https://www.linkedin.com/company/dcucreditunion/jobs/,Banking,1
https://www.linkedin.com/company/mountain-america-credit-union/jobs/,Banking,1
https://www.linkedin.com/company/capitol-federal-savings-bank/jobs/,Banking,1
https://www.linkedin.com/company/oriental/jobs/,Banking,1
https://www.linkedin.com/company/vystar-credit-union/jobs/,Banking,1
https://www.linkedin.com/company/star-one-credit-union/jobs/,Banking,1
https://www.linkedin.com/company/dollar-bank/jobs/,Banking,1
https://www.linkedin.com/company/eaglebank/jobs/,Banking,1
https://www.linkedin.com/company/servisfirstbank/jobs/,Banking,1
https://www.linkedin.com/company/boston-private/jobs/,Banking,1
https://www.linkedin.com/company/s&t-bank/jobs/,Banking,1
https://www.linkedin.com/company/international-bank-of-commerce/jobs/,Banking,1
https://www.linkedin.com/company/sandy-spring-bank/jobs/,Banking,1
https://www.linkedin.com/company/the-park-national-bank/jobs/,Banking,1
https://www.linkedin.com/company/san-diego-county-credit-union/jobs/,Banking,1
https://www.linkedin.com/company/mutual-of-omaha-bank/jobs/,Banking,1
https://www.linkedin.com/company/alaska-usa-federal-credit-union/jobs/,Banking,1
https://www.linkedin.com/company/safra-national-bank-of-new-york/jobs/,Banking,1
https://www.linkedin.com/company/first-commonwealth-bank/jobs/,Banking,1
https://www.linkedin.com/company/oceanfirst-bank/jobs/,Banking,1
https://www.linkedin.com/company/columbia-bank-new-jersey/jobs/,Banking,1
https://www.linkedin.com/company/my-bank-first-united-bank-&-trust/jobs/,Banking,1
https://www.linkedin.com/company/opus-bank/jobs/,Banking,1
https://www.linkedin.com/company/amerantbank/jobs/,Banking,1
https://www.linkedin.com/company/veritex-community-bank/jobs/,Banking,1
https://www.linkedin.com/company/banc-of-california/jobs/,Banking,1
https://www.linkedin.com/company/bancfirst/jobs/,Banking,1
https://www.linkedin.com/company/tristate-capital-bank/jobs/,Banking,1
https://www.linkedin.com/company/american-airlines-federal-credit-union/jobs/,Banking,1
https://www.linkedin.com/company/farmers&merchants-bank-of-long-beach/jobs/,Banking,1
https://www.linkedin.com/company/teachers-federal-credit-union/jobs/,Banking,1
https://www.linkedin.com/company/enterprise-bank-&-trust/jobs/,Banking,1
https://www.linkedin.com/company/patelco-credit-union/jobs/,Banking,1
https://www.linkedin.com/company/american-savings-bank/jobs/,Banking,1
https://www.linkedin.com/company/washington-trust-bank/jobs/,Banking,1
https://www.linkedin.com/company/seacoastbank/jobs/,Banking,1
https://www.linkedin.com/company/luther-burbank-savings/jobs/,Banking,1
https://www.linkedin.com/company/flushing-bank/jobs/,Banking,1
https://www.linkedin.com/company/lake-michigan-credit-union/jobs/,Banking,1
https://www.linkedin.com/company/wintrust-financial-corporation/jobs/,Banking,1
https://www.linkedin.com/company/esl-federal-credit-union/jobs/,Banking,1
https://www.linkedin.com/company/homestreet-bank/jobs/,Banking,1
https://www.linkedin.com/company/southsidebank/jobs/,Banking,1
https://www.linkedin.com/company/lakeland-bank/jobs/,Banking,1
https://www.linkedin.com/company/entcreditunion/,Banking,1
https://www.linkedin.com/company/1st-source-bank/jobs/,Banking,1
https://www.linkedin.com/company/kearny-bank/jobs/,Banking,1
https://www.linkedin.com/company/gobellbanks/jobs/,Banking,1
https://www.linkedin.com/company/tri-counties-bank/jobs/,Banking,1
https://www.linkedin.com/company/woodforest-national-bank/jobs/,Banking,1
https://www.linkedin.com/company/dime-community-bank/jobs/,Banking,1
https://www.linkedin.com/company/east-boston-savings-bank/jobs/,Banking,1
https://www.linkedin.com/company/first-foundation-inc./jobs/,Banking,1
https://www.linkedin.com/company/logixbanking/jobs/,Banking,1
https://www.linkedin.com/company/psecu/jobs/,Banking,1
https://www.linkedin.com/company/metabank/jobs/,Banking,1
https://www.linkedin.com/company/connectonebank/jobs/,Banking,1
https://www.linkedin.com/company/merchants-bank-of-indiana/jobs/,Banking,1
https://www.linkedin.com/company/onpoint-community-credit-union/jobs/,Banking,1
https://www.linkedin.com/company/midland-states-bank/jobs/,Banking,1
https://www.linkedin.com/company/delta-community-credit-union/jobs/,Banking,1
https://www.linkedin.com/company/central-pacific-bank/jobs/,Banking,1
https://www.linkedin.com/company/unfcu/jobs/,Banking,1
https://www.linkedin.com/company/emigrant-bank/jobs/,Banking,1
https://www.linkedin.com/company/nbh-bank-n-a-/jobs/,Banking,1
https://www.linkedin.com/company/first-security-bank/jobs/,Banking,1
https://www.linkedin.com/company/ridgewood-savings-bank/jobs/,Banking,1
https://www.linkedin.com/company/liberty-bankct/jobs/,Banking,1
https://www.linkedin.com/company/greenstatecu/jobs/,Banking,1
https://www.linkedin.com/company/intrust-bank/jobs/,Banking,1
https://www.linkedin.com/company/the-bancorp/jobs/,Banking,1
https://www.linkedin.com/company/police-and-fire-federal-credit-union/jobs/,Banking,1
https://www.linkedin.com/company/republic-bank/jobs/,Banking,1
https://www.linkedin.com/company/westamerica-bancorporation/jobs/,Banking,1
https://www.linkedin.com/company/heritage-bank-nw/jobs/,Banking,1
https://www.linkedin.com/company/hanmi-bank/jobs/,Banking,1
https://www.linkedin.com/company/byline-bank/jobs/,Banking,1
https://www.linkedin.com/company/beal-bank/jobs/,Banking,1
https://www.linkedin.com/company/redstone-federal-credit-union/jobs/,Banking,1
https://www.linkedin.com/company/univest/jobs/,Banking,1
https://www.linkedin.com/company/hvcu/jobs/,Banking,1
https://www.linkedin.com/company/amalgamated-bank/jobs/,Banking,1
https://www.linkedin.com/company/first-american-bank/jobs/,Banking,1
https://www.linkedin.com/company/origin-bank/jobs/,Banking,1
https://www.linkedin.com/company/the-washington-trust-company/jobs/,Banking,1
https://www.linkedin.com/company/the-bryn-mawr-trust-company/jobs/,Banking,1
https://www.linkedin.com/company/horizon-bank_3/jobs/,Banking,1
https://www.linkedin.com/company/trustco-bank/jobs/,Banking,1
https://www.linkedin.com/company/bank-fund-staff-federal-credit-union/jobs/,Banking,1
https://www.linkedin.com/company/peapack-gladstone-bank/jobs/,Banking,1
https://www.linkedin.com/company/bellco-credit-union/jobs/,Banking,1
https://www.linkedin.com/company/salem-five-bank/jobs/,Banking,1
https://www.linkedin.com/company/eastman-credit-union/jobs/,Banking,1
https://www.linkedin.com/company/idahocentralcreditunion/jobs/,Banking,1
https://www.linkedin.com/company/northfieldbank/jobs/,Banking,1
https://www.linkedin.com/company/northfield-savings-bank-vt/jobs/,Banking,1
https://www.linkedin.com/company/tbk-bank/jobs/,Banking,1
https://www.linkedin.com/company/great-southern-bank/jobs/,Banking,1
